,id,addr,timestamp,3 - Area of interest,4 - Communities of interest,5 - Destinations,6 - Corridor preference,7 - Pittsburgh areas,8 - Allegheny County areas,9 - PAAC Routes Used,10 - Routing Type Preference,11 - Current Transit Usage,12 - Other Transport Used,12 - Why Other Transport Used,13 - Age,13 - Employment status,13 - Where From,14 - Gender,14 - Race,15 - Comments,from_LABEL,from_COG,from_FIPS,from_MUNICODE,from_OBJECTID,tomunis_LABEL,tomunis_COG,tomunis_FIPS,tomunis_MUNICODE,tomunis_OBJECTID
0,1a0abb37-7fc5-4afc-905a-0ab6922cf510,128.147.157.203,2019-06-27T14:09:42,McKeesport and the Mon Valley,Homestead Borough,,Mon Valley via Homestead (61C Corridor),Downtown (Pittsburgh)| Oakland (Pittsburgh)| Shadyside and Squirrel Hill (Pittsburgh),,75 - Ellsworth| P1 - East Busway - All Stops| P2 - East Busway Short| P3 - East Busway - Oakland,3,Several times a week,Private car| Uber/Lyft| Walking,Public transit is not available where I am travelling to/from| Transit doesnt come often enough| No transit service at the times I need it| Too slow,25-34 years old,Full-time employment,East Pittsburgh Borough,Woman,White,,Pittsburgh, ,61000,100,31908,Homestead Borough,Steel Rivers,35424,834,10241
1,e9cec9ab-778e-44d9-b3f7-38b37a872c68,96.235.18.86,2019-06-27T13:13:45,McKeesport and the Mon Valley,Homestead Borough,,Mon Valley via Homestead (61C Corridor),East End neighborhoods (Pittsburgh)| Mon Valley neighborhoods (Pittsburgh)| North Side neighborhoods (Pittsburgh)| The Strip (Pittsburgh),Airport Corridor / Parkway West,1 - Freeport Road| 2 - Mount Royal| 4 - Troy Hill| 64 - Lawrenceville - Waterfront| P1 - East Busway - All Stops| P68 - Braddock Hills Flyer| P78 - Oakmont Flyer,"1-Faster and more direct buses, but with more transfers and wider bus stop spacing.",Multiple trips per day,Bicycle| Uber/Lyft| Walking,Transit doesnt come often enough| No transit service at the times I need it| Too slow,25-34 years old,Self-Employed,Troy Hill (Pittsburgh),Man,White,,Pittsburgh, ,61000,100,31908,Homestead Borough,Steel Rivers,35424,834,10241
2,c097e5bc-3e55-4b64-825b-d074fb6a58d7,96.83.191.17,2019-06-27T14:21:41,McKeesport and the Mon Valley,Homestead Borough,The Waterfront,Mon Valley via Homestead (61C Corridor),Downtown (Pittsburgh)| South Hills neighborhoods (Pittsburgh),,41 - Bower Hill,3,Daily commute,Private car| Uber/Lyft,Transit doesnt come often enough| No transit service at the times I need it| Too slow| I usually need to carry too many things,18-24 years old,Full-time employment,Dormont Borough,Man,White,,Dormont Borough,South Hills Area,19576,819,11861,Homestead Borough,Steel Rivers,35424,834,10241
3,b697941a-a7d6-4fb4-a428-6eb6b7694249,71.61.59.248,2019-08-12T21:54:54,Monroeville and Eastern Suburbs,Wilkinsburg Borough,Aldi,Monroeville via Wilkinsburg (67 Corridor),East End neighborhoods (Pittsburgh)| Lawrenceville (Pittsburgh)| Oakland (Pittsburgh)| Shadyside and Squirrel Hill (Pittsburgh),Airport Corridor / Parkway West,28X - Airport Flyer| 61A - Swissvale| 61B - Braddock - Swissvale| 61C - McKeesport - Homestead| 61D - Murray| 64 - Lawrenceville - Waterfront| 93 - Lawrenceville - Oakland - Hazelwood,,Multiple trips per day,Uber/Lyft| Walking,Transit doesnt come often enough| No transit service at the times I need it| Transit isnt reliable to get me where Im going on time,25-34 years old,Student,Squirrel Hill South (Pittsburgh),Woman,White,,Pittsburgh, ,61000,100,31908,Wilkinsburg Borough,Turtle Creek Valley,85188,866,54
4,e76e5fff-ee71-452d-8dd3-7ca5f21d2c48,72.95.215.90,2019-08-14T13:58:24,Monroeville and Eastern Suburbs,Wilkinsburg Borough,,Monroeville via Braddock & Turtle Creek,Downtown (Pittsburgh)| East End neighborhoods (Pittsburgh)| North Side neighborhoods (Pittsburgh),North Hills / Parkway North| Northeast Allegheny County,16 - Brighton| 17 - Shadeland,3,Multiple trips per day,Bicycle| Uber/Lyft| Walking,Too expensive,18-24 years old,Part-time employment,Brighton Heights (Pittsburgh),Man,White,,Pittsburgh, ,61000,100,31908,Wilkinsburg Borough,Turtle Creek Valley,85188,866,54
5,33efd0fa-7bfb-4707-bfee-5d23a9d51470,172.58.43.54,2019-08-10T17:38:40,McKeesport and the Mon Valley| Monroeville and Eastern Suburbs,Wilkinsburg Borough,,Monroeville via Braddock & Turtle Creek,Downtown (Pittsburgh)| Oakland (Pittsburgh),Airport Corridor / Parkway West,61B - Braddock - Swissvale| P1 - East Busway - All Stops| P7 - McKeesport Flyer,"1-Faster and more direct buses, but with more transfers and wider bus stop spacing.",No more than once a week,Private car,Too expensive,65-74 years old,Retired,Rankin Borough,Gender Non-Conforming,Black or African American,,Rankin Borough,Turtle Creek Valley,63408,849,66,Wilkinsburg Borough,Turtle Creek Valley,85188,866,54
6,868b3130-b53e-4d61-af3f-86ba1b0ec29d,74.98.210.210,2019-08-10T17:13:39,Monroeville and Eastern Suburbs,Wilkinsburg Borough,"Sav-A-Lot| Target, 6231 Penn Ave, Pittsburgh, Pennsylvania 15206, United States| Hill House Association, 1835 Centre Ave, Pittsburgh, Pennsylvania 15219, United States",Monroeville via Wilkinsburg (67 Corridor),Downtown (Pittsburgh)| Hill (Pittsburgh),,81 - Oak Hill| 82 - Lincoln| P1 - East Busway - All Stops,,Daily commute,Jitney| Private car| Uber/Lyft| Walking,Too slow| I usually need to carry too many things,12-17 years old,Student,Wilkinsburg Borough,Woman,Black or African American,,Wilkinsburg Borough,Turtle Creek Valley,85188,866,54,Wilkinsburg Borough,Turtle Creek Valley,85188,866,54
7,5fc6d2f8-2bea-4658-9112-e630b5ea7ce7,74.98.219.91,2019-06-29T13:42:16,Monroeville and Eastern Suburbs,Wilkinsburg Borough,Aldi #56| Childrens Hospital of Pittsburgh East| Edgewood Towne Center| Giant Eagle #77| Village at Pennwood,Monroeville via Forest Hills,Downtown (Pittsburgh)| East End neighborhoods (Pittsburgh)| Oakland (Pittsburgh)| Shadyside and Squirrel Hill (Pittsburgh),,71D - Hamilton| 86 - Liberty| P1 - East Busway - All Stops| P78 - Oakmont Flyer,2,Daily commute,Carpool| Private car| Uber/Lyft| Walking,Public transit is not available where I am travelling to/from| Transit isnt reliable to get me where Im going on time| Other,25-34 years old,Full-time employment,Wilkinsburg Borough,Woman,White,,Wilkinsburg Borough,Turtle Creek Valley,85188,866,54,Wilkinsburg Borough,Turtle Creek Valley,85188,866,54
8,8f1ed425-40f7-464a-b2ff-682020cea270,72.95.215.71,2019-08-20T17:48:18,McKeesport and the Mon Valley| Monroeville and Eastern Suburbs,Wilkinsburg Borough,Homestead Apartments B | The Waterfront,Monroeville via Wilkinsburg (67 Corridor),Downtown (Pittsburgh)| East End neighborhoods (Pittsburgh),North Hills / Parkway North,12 - McKnight| 14 - Ohio Valley| BLLB - Blue Line Library| BLSV - Blue Line South Hills Village| O12 - McKnight Flyer| P1 - East Busway - All Stops| P2 - East Busway Short| RED - Red Line Castle Shannon,"1-Faster and more direct buses, but with more transfers and wider bus stop spacing.",Daily commute,Private car,Public transit is not available where I am travelling to/from,35-44 years old,Student,Wexford,Man,White,,Pine Township,North Hills,60272,935,19071,Wilkinsburg Borough,Turtle Creek Valley,85188,866,54
9,1d77cf2f-78b7-4d86-8fbf-6b4cdbeaa652,172.58.46.236,2019-08-08T05:33:50,McKeesport and the Mon Valley,Duquesne,"Duquesne, Pennsylvania, United States| Duquesne Heights, Pittsburgh, Pennsylvania 15211, United States| Duquesne Field, Overland Ave at Commonwealth Ave, Duquesne, Pennsylvania 15110, United States| Cititrends, Duquesne, Pennsylvania 15110, United States| Duquesne Hill Top, 1100 Duquesne Place Dr, Duquesne, Pennsylvania 15110, United States",Mon Valley via Homestead (61C Corridor),Downtown (Pittsburgh),,DQI - Duquesne Incline| P1 - East Busway - All Stops,"1-Faster and more direct buses, but with more transfers and wider bus stop spacing.",Multiple trips per day,Other,I only use public transit,12-17 years old,Unemployed,Duquesne Heights (Pittsburgh),Man,Black or African American,,Pittsburgh, ,61000,100,31908,Duquesne,Steel Rivers,20432,300,5373
10,98662897-d711-44a0-9f87-40398e025f61,99.203.65.86,2019-06-25T01:54:40,McKeesport and the Mon Valley,Duquesne,Community Family Practice UPMC,Mon Valley via Homestead (61C Corridor),Downtown (Pittsburgh)| Mon Valley neighborhoods (Pittsburgh)| North Side and North Shore (Pittsburgh)| Oakland (Pittsburgh)| South Side and Station Square (Pittsburgh),South Hills| Upper Mon Valley,61C - McKeesport - Homestead,,Multiple trips per day,Uber/Lyft,Other,45-54 years old,Unemployed,Manchester (Pittsburgh),Man,White,,Pittsburgh, ,61000,100,31908,Duquesne,Steel Rivers,20432,300,5373
11,9e3316fa-8317-49bd-8794-fe5b4dd0049a,107.0.42.235,2019-08-21T17:02:45,McKeesport and the Mon Valley,Duquesne,"Greater Pittsburgh Community Food Bank, 1 N Linden St, Duquesne, Pennsylvania 15110, United States",Mon Valley via East Busway (P7 Corridor) ,Downtown (Pittsburgh)| East End neighborhoods (Pittsburgh),,71C - Point Breeze,2,"Rarely, maybe a couple times a year",Private car,No transit service at the times I need it,35-44 years old,Full-time employment,Point Breeze North (Pittsburgh),Man,White,,Pittsburgh, ,61000,100,31908,Duquesne,Steel Rivers,20432,300,5373
12,3212d39a-6307-4782-81c0-3660cb46225b,107.0.42.235,2019-08-20T16:52:11,McKeesport and the Mon Valley,Duquesne,"Greater Pittsburgh Community Food Bank, 1 N Linden St, Duquesne, Pennsylvania 15110, United States",Mon Valley via East Busway (P7 Corridor) ,Oakland (Pittsburgh),Airport Corridor / Parkway West,28X - Airport Flyer,,No more than once a week,Bicycle| Private car,I usually need to carry too many things,25-34 years old,Full-time employment,Highland Park (Pittsburgh),Woman,White,,Pittsburgh, ,61000,100,31908,Duquesne,Steel Rivers,20432,300,5373
13,aaea49ff-0bbe-42db-a6d6-98b06a3f9ae3,73.174.163.156,2019-07-03T21:33:50,McKeesport and the Mon Valley,Duquesne,Beulah Park United Methodist Church| Carnegie Library of McKeesport| Forest Hills Medical Associates UPMC| Keystone Commons| LaRosa Mckeesport Boys and Girls Club,Mon Valley via Forest Hills,Downtown (Pittsburgh)| Mon Valley neighborhoods (Pittsburgh)| South Side and Station Square (Pittsburgh)| The Strip (Pittsburgh),Airport Corridor / Parkway West| South Hills| Upper Mon Valley,61C - McKeesport - Homestead,,Multiple trips per day,Jitney| Private car| Uber/Lyft| Walking,Public transit is not available where I am travelling to/from| Transit doesnt come often enough| Too expensive| The stops/stations are hard to get to because of bad or no sidewalks| Transit isnt reliable to get me where Im going on time,45-54 years old,Part-time employment (more than one employer),Duquesne,Woman,Black or African American,,Duquesne,Steel Rivers,20432,300,5373,Duquesne,Steel Rivers,20432,300,5373
14,665abbb6-4754-4927-876d-0285353e20d3,208.89.33.149,2019-07-08T19:57:21,McKeesport and the Mon Valley,Duquesne,"Kennywood, 4800 Kennywood Blvd, West Mifflin, Pennsylvania 15122, United States| CCAC South Campus, 1750 Clairton Rd, West Mifflin, Pennsylvania 15122, United States",Mon Valley via Homestead (61C Corridor),,,61C - McKeesport - Homestead,"1-Faster and more direct buses, but with more transfers and wider bus stop spacing.",Daily commute,Private car,No transit service at the times I need it,18-24 years old,Full-time employment,McKeesport,Man,White,Hes happy that there is a phone app and that it is reliable.,McKeesport,Steel Rivers,46256,400,5344,Duquesne,Steel Rivers,20432,300,5373
15,1a7f33a1-d4be-4f82-b055-9fe89716a8c2,74.109.254.98,2019-06-28T04:15:41,Monroeville and Eastern Suburbs,Monroeville,"3500 Technology Drive, Monroeville, Pennsylvania 15146, United States| 5616 Marlborough Road, Pittsburgh, Pennsylvania 15217, United States| 250 North Highland Avenue, Pittsburgh, Pennsylvania 15206, United States",Monroeville via Wilkinsburg (67 Corridor),Downtown (Pittsburgh)| Oakland (Pittsburgh)| Shadyside and Squirrel Hill (Pittsburgh),Airport Corridor / Parkway West,28X - Airport Flyer| 61A - Swissvale| 61B - Braddock - Swissvale| 61C - McKeesport - Homestead| 61D - Murray| 64 - Lawrenceville - Waterfront| 67 - Monroeville,"1-Faster and more direct buses, but with more transfers and wider bus stop spacing.",No more than once a week,Bicycle| Private car| Walking,Public transit is not available where I am travelling to/from| Transit doesnt come often enough| No transit service at the times I need it| Too slow| Transit isnt reliable to get me where Im going on time,25-34 years old,Full-time employment,Squirrel Hill North (Pittsburgh),Man,White,Better cross town service would be very helpful.  Increasing the frequency of the 64 bus and/or creating a route from squirrel hill to East liberty would be great.\n\nI commute from squirrel hill to 3500 technology drive in Monroeville.  If the 67 bus went there after the Monroeville mall there is a good chance I would commute by bus some or most of the time.  Especially if the bus were faster and/or more frequent.\n\nParking limitations at the Monroeville mall are a capacity limitation that would limit the usefulness of more frequent busses if that is not addressed.  Since there is no overnight parking people cant take the bus to the train station or airport.,Pittsburgh, ,61000,100,31908,Monroeville Municipality,Turtle Creek Valley,52330,879,78
16,933df625-29a9-4bec-a474-7da184a573be,172.58.201.224,2019-08-10T17:55:22,Monroeville and Eastern Suburbs,Monroeville,"Old William Penn Highway, Monroeville, Pennsylvania 15146, United States",Monroeville via 376 (P67 Corridor),East End neighborhoods (Pittsburgh)| Lawrenceville (Pittsburgh)| North Side neighborhoods (Pittsburgh)| Oakland (Pittsburgh),Airport Corridor / Parkway West| North Hills / Parkway North,BLLB - Blue Line Library| RED - Red Line Castle Shannon,"1-Faster and more direct buses, but with more transfers and wider bus stop spacing.","Rarely, maybe a couple times a year",Private car| Uber/Lyft,No transit service at the times I need it| Other,35-44 years old,Full-time employment,Brookline (Pittsburgh),Man,White,,Pittsburgh, ,61000,100,31908,Monroeville Municipality,Turtle Creek Valley,52330,879,78
17,75d858f3-453d-4780-9848-92c74d304974,96.236.220.179,2019-08-01T20:30:59,Monroeville and Eastern Suburbs,Monroeville,Blackridge Civic Association| Giant Eagle #60| Monroeville Mall| Prospect Terrace | Shop N Save,Monroeville via 376 (P67 Corridor),Downtown (Pittsburgh)| Oakland (Pittsburgh),Airport Corridor / Parkway West,61A - Swissvale,2,Several times a week,Bicycle| Private car| Walking,Other,12-17 years old,Student,Squirrel Hill South (Pittsburgh),Man,Asian,,Pittsburgh, ,61000,100,31908,Monroeville Municipality,Turtle Creek Valley,52330,879,78
18,c4009b0d-76ea-4bb2-9a43-2e3e59987032,172.58.46.252,2019-08-07T19:33:08,Monroeville and Eastern Suburbs,Monroeville,"Downtown Deli, Pittsburgh, Pennsylvania 15213, United States| Downtown, Pittsburgh, Pennsylvania 15222, United States| North Oakland, Pittsburgh, Pennsylvania 15213, United States| Monroeville, Pennsylvania, United States| Monroeville Mall, 200 Monroeville Mall, Monroeville, Pennsylvania 15146, United States",Monroeville via 376 (P67 Corridor),Downtown (Pittsburgh),Allegheny Valley,P17 - Lincoln Park Flyer| P3 - East Busway - Oakland| P67 - Monroeville Flyer,"1-Faster and more direct buses, but with more transfers and wider bus stop spacing.",Multiple trips per day,Jitney,Too expensive| Too slow,18-24 years old,Full-time employment,Allegheny Center (Pittsburgh),Woman,Black or African American,,Pittsburgh, ,61000,100,31908,Monroeville Municipality,Turtle Creek Valley,52330,879,78
19,468bcd83-416b-419e-ac5c-aae74af15aaf,137.161.255.28,2019-06-27T14:02:51,Monroeville and Eastern Suburbs,Monroeville,,Monroeville via 376 (P67 Corridor),Downtown (Pittsburgh)| Lawrenceville (Pittsburgh)| Mon Valley neighborhoods (Pittsburgh)| Oakland (Pittsburgh)| Shadyside and Squirrel Hill (Pittsburgh)| South Side and Station Square (Pittsburgh),Airport Corridor / Parkway West,48 - Arlington| 52L - Homeville Limited| 53L - Homestead Park Limited| 58 - Greenfield| 61C - McKeesport - Homestead| 61D - Murray| 88 - Penn,3,Daily commute,Bicycle| Private car| Uber/Lyft| Walking,Public transit is not available where I am travelling to/from| Transit doesnt come often enough| No transit service at the times I need it| I usually need to carry too many things,25-34 years old,Full-time employment,Greenfield (Pittsburgh),Woman,White,"Reliable transit is key. Having time displayed with next bus at downtown locations would be great. When possible, have bus only lanes to avoid traffic. ",Pittsburgh, ,61000,100,31908,Monroeville Municipality,Turtle Creek Valley,52330,879,78
20,fd28a0e4-d346-4f73-8731-fe0945fd6149,207.225.131.228,2019-06-30T20:33:42,Monroeville and Eastern Suburbs,Monroeville,Monroeville Park,Monroeville via Forest Hills,Downtown (Pittsburgh),South Hills,1 - Freeport Road,,Several times a week,Bicycle| Taxi,No transit service at the times I need it,35-44 years old,Full-time employment,Allegheny Center (Pittsburgh),Man,White,,Pittsburgh, ,61000,100,31908,Monroeville Municipality,Turtle Creek Valley,52330,879,78
21,ff6125c0-f66d-4316-b0df-29c2378b0fe0,71.60.94.38,2019-07-06T12:30:09,Monroeville and Eastern Suburbs,Monroeville,"Forbes Hospital, 2570 Haymaker Rd, Monroeville, Pennsylvania 15146, United States| Gateway High School, 3000 Mosside Gateway Campus Blvd, Monroeville, Pennsylvania 15146, United States| Haymaker Road, Monroeville, Pennsylvania 15146, United States| Miracle Mile Shopping Center, 4100 William Penn Hwy, Monroeville, Pennsylvania 15146, United States",Monroeville via 376 (P67 Corridor),Downtown (Pittsburgh)| North Side and North Shore (Pittsburgh)| Oakland (Pittsburgh)| The Strip (Pittsburgh),Airport Corridor / Parkway West| Upper Mon Valley,67 - Monroeville| P12 - Holiday Park Flyer| P67 - Monroeville Flyer| P69 - Trafford Flyer,,Daily commute,Private car,Public transit is not available where I am travelling to/from,55-64 years old,Part-time employment,Monroeville,Woman,White,"Monroeville used to have much better access on Haymaker Road.  That was removed previously,  With Forbes Hospital and the surrounding medical offices, it would be good to have the bus more accessible. ",Monroeville Municipality,Turtle Creek Valley,52330,879,78,Monroeville Municipality,Turtle Creek Valley,52330,879,78
22,e366585a-df45-49bc-981d-afbc77a81a2a,68.235.221.232,2019-07-22T20:00:20,Monroeville and Eastern Suburbs,Monroeville,Edgewood Towne Center| Giant Eagle| Giant Eagle| Miracle Mile| Monroeville Mall,Monroeville via 376 (P67 Corridor),Downtown (Pittsburgh),Airport Corridor / Parkway West| North Hills / Parkway North| South Hills,61C - McKeesport - Homestead| 91 - Butler Street| BLSV - Blue Line South Hills Village| P12 - Holiday Park Flyer| P67 - Monroeville Flyer,4-A Balance.,Daily commute,Carpool| Private car,Public transit is not available where I am travelling to/from| Transit doesnt come often enough| No transit service at the times I need it| The stops/stations are hard to get to because of bad or no sidewalks| Transit isnt reliable to get me where Im going on time,35-44 years old,Full-time employment,Monroeville,Man,White,"They keep moving the bus stops to worse and worse areas,  yet leave the stops in front of businesses downtown ",Monroeville Municipality,Turtle Creek Valley,52330,879,78,Monroeville Municipality,Turtle Creek Valley,52330,879,78
23,a76c1478-b60d-4d13-86cc-1f1405ffa81c,73.79.191.133,2019-07-15T13:35:34,Monroeville and Eastern Suburbs,Monroeville,Als Market| Giant Eagle #60| Giant Eagle #76| Giant Eagle #77| UPMC East,Monroeville via 376 (P67 Corridor),Downtown (Pittsburgh)| The Strip (Pittsburgh),,P1 - East Busway - All Stops,3,Daily commute,Private car,Public transit is not available where I am travelling to/from| Transit doesnt come often enough| The stops/stations are hard to get to because of bad or no sidewalks,45-54 years old,Full-time employment,Monroeville,Woman,White,"I would appreciate transit to Monroeville area.\nI work 1:00pm to 9:00pm downtown, the days vary weekly, on the weekday I can not get parking at the Park & Ride in Wilkinsburg or any other Park & Ride.  They are all full.\nI have a bad back and not having to drive myself I could get out more.\nI would shop more in town and in the Strip if there were transportation closer to home.\nHaving transportation from Monroeville would be greatly appreciated.  ",Monroeville Municipality,Turtle Creek Valley,52330,879,78,Monroeville Municipality,Turtle Creek Valley,52330,879,78
24,62881234-a2f5-4040-828c-e6328c404507,100.6.57.228,2019-07-03T03:17:53,Monroeville and Eastern Suburbs,Monroeville,,Monroeville via 376 (P67 Corridor),Downtown (Pittsburgh),,P67 - Monroeville Flyer,,Daily commute,Private car,Transit doesnt come often enough,55-64 years old,Full-time employment,Monroeville,Man,White,,Monroeville Municipality,Turtle Creek Valley,52330,879,78,Monroeville Municipality,Turtle Creek Valley,52330,879,78
25,8cd923e5-300f-4cbb-820c-fae9e05461a6,108.32.38.246,2019-07-04T23:09:40,Monroeville and Eastern Suburbs,Monroeville,,Monroeville via 376 (P67 Corridor),Downtown (Pittsburgh),,P67 - Monroeville Flyer,2,Daily commute,Private car,Too expensive,45-54 years old,Full-time employment,Monroeville,Woman,White,,Monroeville Municipality,Turtle Creek Valley,52330,879,78,Monroeville Municipality,Turtle Creek Valley,52330,879,78
26,07ef2cdd-668d-4e77-8ae6-786a7b94ecab,173.71.171.165,2019-06-28T00:13:08,Monroeville and Eastern Suburbs,Monroeville,,Monroeville via 376 (P67 Corridor),Downtown (Pittsburgh)| North Side and North Shore (Pittsburgh),Airport Corridor / Parkway West,P12 - Holiday Park Flyer,2,Daily commute,Private car,Public transit is not available where I am travelling to/from| No transit service at the times I need it,35-44 years old,Full-time employment,Monroeville,Man,Black or African American,,Monroeville Municipality,Turtle Creek Valley,52330,879,78,Monroeville Municipality,Turtle Creek Valley,52330,879,78
27,24b2350a-0287-4e93-9f30-f3a5471aa4bb,73.117.85.5,2019-06-26T00:10:35,Monroeville and Eastern Suburbs,Monroeville,"Murrysville, Pennsylvania, United States",Monroeville via 376 (P67 Corridor),Downtown (Pittsburgh)| North Side and North Shore (Pittsburgh)| North Side neighborhoods (Pittsburgh)| Shadyside and Squirrel Hill (Pittsburgh),,,,"Rarely, maybe a couple times a year",Private car,Public transit is not available where I am travelling to/from| Transit doesnt come often enough| No transit service at the times I need it| Transit isnt reliable to get me where Im going on time,25-34 years old,Full-time employment,Monroeville,Man,White,,Monroeville Municipality,Turtle Creek Valley,52330,879,78,Monroeville Municipality,Turtle Creek Valley,52330,879,78
28,ef4966ba-fb74-47fe-9f0f-6d28c6808c36,67.186.17.24,2019-06-29T11:37:08,Monroeville and Eastern Suburbs,Monroeville,Aldi #56,Mon Valley via East Busway (P7 Corridor) ,Oakland (Pittsburgh),Airport Corridor / Parkway West| North Hills / Parkway North,28X - Airport Flyer,"1-Faster and more direct buses, but with more transfers and wider bus stop spacing.","Rarely, maybe a couple times a year",Private car| Walking,Public transit is not available where I am travelling to/from| Transit doesnt come often enough,65-74 years old,Retired,Monroeville,Woman,White,I dont understand how to use the busway.,Monroeville Municipality,Turtle Creek Valley,52330,879,78,Monroeville Municipality,Turtle Creek Valley,52330,879,78
29,65daddfe-98b7-4d91-a3c1-22710b3979c7,71.60.88.56,2019-07-18T21:37:47,Monroeville and Eastern Suburbs,Monroeville,Braddock Carnegie Library| C C Mellor Library Forest Hills| C C Mellor Memorial Library| Carnegie Free Library of Swissvale| Monroeville Public Library,Monroeville via 376 (P67 Corridor),,,,,Never,Private car,Other,55-64 years old,Retired,Monroeville,Woman,White,,Monroeville Municipality,Turtle Creek Valley,52330,879,78,Monroeville Municipality,Turtle Creek Valley,52330,879,78
30,1cb4f9f6-70a4-4ff6-8355-aac6dbea1a51,207.91.59.162,2019-06-28T18:04:14,Monroeville and Eastern Suburbs,Monroeville,Forbes Hospital| Miracle Mile| Monroeville Park| UPMC East,Monroeville via 376 (P67 Corridor),Downtown (Pittsburgh)| East End neighborhoods (Pittsburgh)| The Strip (Pittsburgh),Airport Corridor / Parkway West,67 - Monroeville,2,"Rarely, maybe a couple times a year",Private car| Walking,Public transit is not available where I am travelling to/from| No transit service at the times I need it,35-44 years old,Full-time employment,Monroeville,Woman,White,,Monroeville Municipality,Turtle Creek Valley,52330,879,78,Monroeville Municipality,Turtle Creek Valley,52330,879,78
31,31982789-f180-474d-a357-9f3a72f5543f,189.217.104.49,2019-06-27T23:17:11,Monroeville and Eastern Suburbs,Monroeville,Aldi #56| Forbes Hospital| Giant Eagle #60| Monroeville Park| Ramsey El Sch,Monroeville via 376 (P67 Corridor),Downtown (Pittsburgh)| Shadyside and Squirrel Hill (Pittsburgh),Airport Corridor / Parkway West,P67 - Monroeville Flyer,"7-Slower buses with windy routes, but with less need to transfer and closer bus stop spacing.","Rarely, maybe a couple times a year",Private car| Uber/Lyft,Public transit is not available where I am travelling to/from| The stops/stations are hard to get to because of bad or no sidewalks,35-44 years old,Unemployed,Monroeville,Woman,"Hispanic, Latino, or Spanish",If i have the opportunity to use a bus I will quit driving my car. ,Monroeville Municipality,Turtle Creek Valley,52330,879,78,Monroeville Municipality,Turtle Creek Valley,52330,879,78
32,ceb6fc02-b34c-4551-a10c-33fae50d07a2,174.229.0.86,2019-06-25T00:47:13,Monroeville and Eastern Suburbs,Monroeville,Hawkins Village | Miracle Mile| Monroe Meadows| Monroeville Park| Monroeville Public Library,Monroeville via 376 (P67 Corridor),,,,2,"Rarely, maybe a couple times a year",ACCESS| Jitney| Uber/Lyft,Transit doesnt come often enough| Transit isnt reliable to get me where Im going on time,25-34 years old,Full-time employment,Penn Hills Township,Woman,Black or African American,,Neville Township,Char-West,53136,928,37,Monroeville Municipality,Turtle Creek Valley,52330,879,78
33,0a750f28-a6e9-4dc0-bd1d-8127e158371b,108.32.44.51,2019-06-29T00:11:32,Monroeville and Eastern Suburbs,Monroeville,,Monroeville via 376 (P67 Corridor),Downtown (Pittsburgh)| The Strip (Pittsburgh),Airport Corridor / Parkway West,,3,Daily commute,Other,Public transit is not available where I am travelling to/from| The stops/stations are hard to get to because of bad or no sidewalks,45-54 years old,Full-time employment,Penn Hills Township,Woman,White,,Neville Township,Char-West,53136,928,37,Monroeville Municipality,Turtle Creek Valley,52330,879,78
34,4b45b0f2-efa4-4e5a-85d4-82499e6dd98e,128.147.28.69,2019-07-11T19:36:14,Monroeville and Eastern Suburbs,Monroeville,,Monroeville via 376 (P67 Corridor),West End neighborhoods (Pittsburgh),Airport Corridor / Parkway West,G2 - West Busway - All Stops,"1-Faster and more direct buses, but with more transfers and wider bus stop spacing.",Multiple trips per day,Private car| Uber/Lyft,Public transit is not available where I am travelling to/from| Transit doesnt come often enough| No transit service at the times I need it| The stops/stations are hard to get to because of bad or no sidewalks| Too slow| Transit isnt reliable to get me where Im going on time,35-44 years old,Full-time employment,Crafton Borough,Man,White,,Crafton Borough,Char-West,16848,818,14645,Monroeville Municipality,Turtle Creek Valley,52330,879,78
35,9973d5a2-5a46-445d-abf7-9c88460aea06,71.60.148.33,2019-06-25T01:17:17,Monroeville and Eastern Suburbs,Churchill Borough,Aldi #56| Carnegie Free Library of Swissvale| Childrens Hospital of Pittsburgh East| Forest Hills Farmers Market| Handelsman Family Practice LLC,Monroeville via Forest Hills,Downtown (Pittsburgh),South Hills,61A - Swissvale,2,"Rarely, maybe a couple times a year",ACCESS| Jitney,Transit isnt reliable to get me where Im going on time,25-34 years old,Full-time employment,East Liberty (Pittsburgh),Woman,Black or African American,,Pittsburgh, ,61000,100,31908,Churchill Borough,Turtle Creek Valley,13608,816,77
36,4ba13a71-e021-4e27-a2dc-5f888b25b688,136.142.187.211,2019-06-27T15:39:28,Monroeville and Eastern Suburbs,Churchill Borough,Braddock Carnegie Library| General Braddock Tower | Kuhns Market,Mon Valley via East Busway (P7 Corridor) ,Oakland (Pittsburgh),Airport Corridor / Parkway West,P3 - East Busway - Oakland,,Daily commute,Private car,Public transit is not available where I am travelling to/from| The stops/stations are hard to get to because of bad or no sidewalks,55-64 years old,Full-time employment,Churchill Borough,Woman,White,If you make it accessible and reliable more people would use it. The east suburbs are not served well by public transit.,Churchill Borough,Turtle Creek Valley,13608,816,77,Churchill Borough,Turtle Creek Valley,13608,816,77
37,d8501ea1-ee6a-4fed-b0e9-a9163930abbb,73.174.144.77,2019-08-18T01:39:19,McKeesport and the Mon Valley,West Homestead Borough,Homestead Apartments C ,Mon Valley via East Busway (P7 Corridor) ,Hill (Pittsburgh),South Hills,29 - Robinson,"1-Faster and more direct buses, but with more transfers and wider bus stop spacing.",Daily commute,Uber/Lyft,Public transit is not available where I am travelling to/from,18-24 years old,Full-time employment,East Liberty (Pittsburgh),Man,White,,Pittsburgh, ,61000,100,31908,West Homestead Borough,Steel Rivers,83200,863,10659
38,ac316a7a-5a8d-4c6a-aa38-ee0166aee9fb,74.98.210.210,2019-08-10T17:16:57,Monroeville and Eastern Suburbs,Forest Hills Borough,"Downtown, Pittsburgh, Pennsylvania 15222, United States",Monroeville via 376 (P67 Corridor),Downtown (Pittsburgh),Airport Corridor / Parkway West,28X - Airport Flyer| P1 - East Busway - All Stops| P3 - East Busway - Oakland| P67 - Monroeville Flyer,"1-Faster and more direct buses, but with more transfers and wider bus stop spacing.","Rarely, maybe a couple times a year",Private car,Too slow,25-34 years old,Full-time employment,Central Northside (Pittsburgh),Man,Black or African American,,Pittsburgh, ,61000,100,31908,Forest Hills Borough,Turtle Creek Valley,26592,828,36708
39,c4a22e49-cb1a-4356-92db-9084ba2dbd4f,74.98.218.10,2019-07-17T20:55:11,Monroeville and Eastern Suburbs,Forest Hills Borough,"Downtown, Pittsburgh, Pennsylvania 15222, United States",Mon Valley via Forest Hills,Downtown (Pittsburgh),Airport Corridor / Parkway West,P1 - East Busway - All Stops,"1-Faster and more direct buses, but with more transfers and wider bus stop spacing.","Rarely, maybe a couple times a year",Private car,Too slow,55-64 years old,Full-time employment,Forest Hills Borough,Man,White,"I think gondolas to move people would help with the transit solution. This avoids traffic and provides direct routes.  I know the city would love to connect downtown with oakland without adding to the traffic congestion.  What better solution than an aerial gondola.  I have been to several ski towns that use gondolas to move people around town not just up the mountain.   Also less frequent stops for buses, people should be able to walk 1/4 of a mile to a transit stop.   I visit New York frequently and walking several blocks is the norm. I have taken a bus that stops 3 times in a block.  Way to slow.",Forest Hills Borough,Turtle Creek Valley,26592,828,36708,Forest Hills Borough,Turtle Creek Valley,26592,828,36708
40,0cfeeaf6-fe5e-4f48-81b2-56e5ebd043b4,64.58.242.171,2019-06-27T11:47:13,Monroeville and Eastern Suburbs,Forest Hills Borough,Aldi #56| Forbes Road CTC| Giant Eagle #60| Giant Eagle #77| Woodland Hills JSHS,Monroeville via Forest Hills,Downtown (Pittsburgh)| East End neighborhoods (Pittsburgh)| Oakland (Pittsburgh)| Shadyside and Squirrel Hill (Pittsburgh),Allegheny Valley,P1 - East Busway - All Stops| P69 - Trafford Flyer| P76 - Lincoln Highway Flyer,3,"Rarely, maybe a couple times a year",Bicycle| Private car| Uber/Lyft| Walking,Public transit is not available where I am travelling to/from| Transit isnt reliable to get me where Im going on time,45-54 years old,Full-time employment,Forest Hills Borough,Man,White,,Forest Hills Borough,Turtle Creek Valley,26592,828,36708,Forest Hills Borough,Turtle Creek Valley,26592,828,36708
41,2ed02309-0384-4557-b409-cce20b47c4ec,75.151.253.249,2019-07-09T12:59:56,Monroeville and Eastern Suburbs,Forest Hills Borough,Centurion Commons,Mon Valley via Forest Hills,Downtown (Pittsburgh)| East End neighborhoods (Pittsburgh),South Hills,,"1-Faster and more direct buses, but with more transfers and wider bus stop spacing.",Several times a week,Bicycle| Private car,Public transit is not available where I am travelling to/from,45-54 years old,Part-time employment,Forest Hills Borough,Man,White,,Forest Hills Borough,Turtle Creek Valley,26592,828,36708,Forest Hills Borough,Turtle Creek Valley,26592,828,36708
42,bd497d1c-8868-4b8b-9c1e-098554b7a281,72.95.215.71,2019-08-20T17:43:14,Monroeville and Eastern Suburbs,Forest Hills Borough,Ardmore Shopping Center| Braddock Hills Shopping Center| Edgewood Towne Center| Monroeville Mall,Monroeville via Braddock & Turtle Creek,Downtown (Pittsburgh)| Oakland (Pittsburgh)| Shadyside and Squirrel Hill (Pittsburgh)| The Strip (Pittsburgh),North Hills / Parkway North,61B - Braddock - Swissvale,3,"Rarely, maybe a couple times a year",Uber/Lyft| Walking,Too slow,55-64 years old,Full-time employment,Forest Hills Borough,Man,White,,Forest Hills Borough,Turtle Creek Valley,26592,828,36708,Forest Hills Borough,Turtle Creek Valley,26592,828,36708
43,24527339-754a-4314-9e7f-eac49b3202c3,173.136.2.46,2019-07-04T15:13:50,Monroeville and Eastern Suburbs,Forest Hills Borough,"Oakland, Oakland, Pennsylvania 15213, United States| Downtown, Pittsburgh, Pennsylvania 15222, United States| Duquesne University - Assumption Hall, 1345 Vickroy St, Pittsburgh, Pennsylvania 15213, United States",Monroeville via Forest Hills,Downtown (Pittsburgh)| Oakland (Pittsburgh)| Shadyside and Squirrel Hill (Pittsburgh)| The Strip (Pittsburgh),Airport Corridor / Parkway West,61A - Swissvale| 61B - Braddock - Swissvale,6,Daily commute,Private car,Public transit is not available where I am travelling to/from| Too slow,35-44 years old,Part-time employment,Forest Hills Borough,Man,White,more buses more walks.,Forest Hills Borough,Turtle Creek Valley,26592,828,36708,Forest Hills Borough,Turtle Creek Valley,26592,828,36708
44,1ca08de6-ffbd-4e4e-af43-7983bc9e2820,128.147.28.77,2019-06-27T13:00:45,Monroeville and Eastern Suburbs,Wilkins Township,"Downtown, Pittsburgh, Pennsylvania 15222, United States| Oakland, Oakland, Pennsylvania 15213, United States| University of Pittsburgh, 4200 Fifth Ave, Pittsburgh, Pennsylvania 15213, United States| North Shore, Pittsburgh, Pennsylvania 15212, United States| East Carson Street, Pittsburgh, Pennsylvania 15203, United States",Monroeville via Wilkinsburg (67 Corridor),Oakland (Pittsburgh),,P3 - East Busway - Oakland,"1-Faster and more direct buses, but with more transfers and wider bus stop spacing.",Daily commute,Private car,Transit doesnt come often enough| No transit service at the times I need it| The stops/stations are hard to get to because of bad or no sidewalks| Too slow| I usually need to carry too many things| Transit isnt reliable to get me where Im going on time,35-44 years old,Full-time employment,Penn Hills Township,Woman,White,,Neville Township,Char-West,53136,928,37,Wilkins Township,Turtle Creek Valley,85184,953,4132
45,58d60bf2-c50d-4be8-b991-92e08856da7b,72.77.52.191,2019-08-15T16:14:51,Monroeville and Eastern Suburbs,Wilkins Township,Braddock Carnegie Library| Carnegie Free Library of Swissvale| Eastridge Branch Library of Wilkinsburg Public Library| Monroeville Public Library| Turtle Creek Satellite,Monroeville via Forest Hills,Downtown (Pittsburgh),South Hills,P76 - Lincoln Highway Flyer,,Daily commute,Private car,Transit doesnt come often enough,45-54 years old,Full-time employment,Wilkins Township,Woman,White,,Wilkins Township,Turtle Creek Valley,85184,953,4132,Wilkins Township,Turtle Creek Valley,85184,953,4132
46,1f072174-420a-42f2-ab32-61e06831bd08,208.89.33.128,2019-07-09T17:30:54,Monroeville and Eastern Suburbs,Wilkins Township,"Downtown, Pittsburgh, Pennsylvania 15222, United States| North Versailles Library, 1401 Greensburg Ave, North Versailles, Pennsylvania 15137, United States| Walmart Supercenter, 100 Walmart Dr, North Versailles, Pennsylvania 15137, United States| Planet Fitness, 351 Warren Dr, North Versailles, Pennsylvania 15137, United States| Save-A-Lot, 355 Lincoln Hwy, North Versailles, Pennsylvania 15137, United States",Mon Valley via Forest Hills,Downtown (Pittsburgh),,67 - Monroeville| P67 - Monroeville Flyer,2,Daily commute,Private car,No transit service at the times I need it| Too slow,25-34 years old,Full-time employment,Wilkins Township,Woman,White,,Wilkins Township,Turtle Creek Valley,85184,953,4132,Wilkins Township,Turtle Creek Valley,85184,953,4132
47,cc460b74-c0ea-4f74-b9a1-f92e461bf115,208.89.33.149,2019-08-05T20:10:32,McKeesport and the Mon Valley,McKeesport,"Carnegie Library of McKeesport| Kane Regional Center - McKeesport, 100 9th St, Mckeesport, Pennsylvania 15132, United States| 3 Century Avenue, Glassport, Pennsylvania 15045, United States| Saint Patricks Church, 305 32nd St, Mckeesport, Pennsylvania 15132, United States",Mon Valley via Homestead (61C Corridor),Downtown (Pittsburgh)| North Side and North Shore (Pittsburgh)| Oakland (Pittsburgh)| South Hills neighborhoods (Pittsburgh),South Hills,1 - Freeport Road| 12 - McKnight| 13 - Bellevue| 16 - Brighton| 56 - Lincoln Place| 60 - Walnut Crawford Village| 61C - McKeesport - Homestead| P7 - McKeesport Flyer,6,Several times a week,Bicycle| Private car| Walking,Public transit is not available where I am travelling to/from| No transit service at the times I need it,35-44 years old,Unemployed,portVue,Man,White,alot of the areas i live and go too were greatly affected by the transit cuts in 2009. I regularly rode the 60b 60a 58p and those were all affected by cuts or complete elimination. they need to reintroduce service to portvue  in order for busway ext to work for me,Port Vue Borough,Steel Rivers,62320,848,5356,McKeesport,Steel Rivers,46256,400,5344
48,7925d0ce-ea4f-4eac-844b-630ad0cf7d3e,24.3.174.250,2019-07-08T15:21:51,McKeesport and the Mon Valley,McKeesport,The Waterfront| UPMC McKeesport| UPMC McKeesport Latterman Fam Hlth Ctr| Wal-Mart Super Center #2588,Mon Valley via Homestead (61C Corridor),Downtown (Pittsburgh),,P7 - McKeesport Flyer,2,Daily commute,Private car,I usually need to carry too many things,65-74 years old,Full-time employment,Port Vue Borough,Woman,White,,Port Vue Borough,Steel Rivers,62320,848,5356,McKeesport,Steel Rivers,46256,400,5344
49,7b8d52bc-6f34-448c-a0ba-580cc6c22c48,199.234.67.226,2019-07-18T16:52:38,McKeesport and the Mon Valley,McKeesport,"Pittsburgh, Pennsylvania, United States",Mon Valley via East Busway (P7 Corridor) ,Downtown (Pittsburgh),,P7 - McKeesport Flyer,"1-Faster and more direct buses, but with more transfers and wider bus stop spacing.",Daily commute,Private car,Public transit is not available where I am travelling to/from,35-44 years old,Full-time employment,Port Vue Borough,Woman,White,It would really be great if the P7 was faster and more direct. Im very hopeful that the Kenmawr Bridge repair will help. ,Port Vue Borough,Steel Rivers,62320,848,5356,McKeesport,Steel Rivers,46256,400,5344
50,5b8a841e-18b3-4efd-802a-931ea7abc242,174.229.4.127,2019-06-27T18:00:21,McKeesport and the Mon Valley| Monroeville and Eastern Suburbs,McKeesport,"811 Burbridge St, Mckeesport, Pennsylvania 15133, United States",Mon Valley via East Busway (P7 Corridor) ,Downtown (Pittsburgh),Airport Corridor / Parkway West,61C - McKeesport - Homestead| P7 - McKeesport Flyer| P76 - Lincoln Highway Flyer,3,Daily commute,Other,Public transit is not available where I am travelling to/from,25-34 years old,Full-time employment,Port Vue Borough,Man,White,,Port Vue Borough,Steel Rivers,62320,848,5356,McKeesport,Steel Rivers,46256,400,5344
51,11e8ecc1-fcd9-48b2-9db7-b6a38858a3e1,100.6.177.188,2019-08-14T05:41:37,McKeesport and the Mon Valley,McKeesport,Aldi #89| Giant Eagle #64| Save A Lot / North Versailles,Monroeville via Braddock & Turtle Creek,Downtown (Pittsburgh),South Hills,,3,Several times a week,Private car| Walking,Transit doesnt come often enough| Too slow,55-64 years old,Part-time employment,Glassport Borough,Man,White,It is to slow.  When it took 10 minutes fifty years ago takes at least 30 minutes today.   ,Glassport Borough,Steel Rivers,29432,829,5367,McKeesport,Steel Rivers,46256,400,5344
52,d7b87973-f5ee-44d4-ae95-be881430d550,174.229.0.44,2019-09-21T15:02:02,McKeesport and the Mon Valley,McKeesport,,Mon Valley via Homestead (61C Corridor),Lawrenceville (Pittsburgh),,55 - Glassport| 56 - Lincoln Place| 88 - Penn,2,No more than once a week,Carpool,Public transit is not available where I am travelling to/from,45-54 years old,Unemployed,Glassport Borough,Woman,White,,Glassport Borough,Steel Rivers,29432,829,5367,McKeesport,Steel Rivers,46256,400,5344
53,ec7d3cce-b6cb-425b-946a-bc350a7e0c1b,73.222.2.232,2019-10-03T05:15:56,McKeesport and the Mon Valley,McKeesport,,Mon Valley via East Busway (P7 Corridor) ,Downtown (Pittsburgh)| Lawrenceville (Pittsburgh)| Mount Washington and Mount Oliver (Pittsburgh)| Oakland (Pittsburgh)| Shadyside and Squirrel Hill (Pittsburgh)| South Side and Station Square (Pittsburgh)| The Strip (Pittsburgh),Airport Corridor / Parkway West| Northeast Allegheny County| South Hills,,2,Daily commute,Bicycle| Uber/Lyft| Walking,Other,35-44 years old,Full-time employment,McKeesport,Woman,Black or African American,,McKeesport,Steel Rivers,46256,400,5344,McKeesport,Steel Rivers,46256,400,5344
54,720c677c-a085-43db-a848-f0f7b21c6d91,173.6.19.162,2019-09-21T15:41:47,McKeesport and the Mon Valley,McKeesport,"9th And Liberty Bus Stop, Pittsburgh, Pennsylvania 15222, United States",Mon Valley via Homestead (61C Corridor),Downtown (Pittsburgh)| East End neighborhoods (Pittsburgh)| Oakland (Pittsburgh)| The Strip (Pittsburgh),Airport Corridor / Parkway West| South Hills,56 - Lincoln Place| 67 - Monroeville| 71B - Highland Park,"1-Faster and more direct buses, but with more transfers and wider bus stop spacing.",Daily commute,Private car,Public transit is not available where I am travelling to/from| The stops/stations are hard to get to because of bad or no sidewalks,12-17 years old,Full-time employment,McKeesport,Woman,White,,McKeesport,Steel Rivers,46256,400,5344,McKeesport,Steel Rivers,46256,400,5344
55,94936d46-3de5-46ca-b24d-7011d7be586d,208.89.33.149,2019-08-05T18:52:15,McKeesport and the Mon Valley,McKeesport,"PNC Park, 115 Federal St, Pittsburgh, Pennsylvania 15212, United States",Mon Valley via Homestead (61C Corridor),Downtown (Pittsburgh)| North Side and North Shore (Pittsburgh)| Oakland (Pittsburgh),,56 - Lincoln Place| BLLB - Blue Line Library,"1-Faster and more direct buses, but with more transfers and wider bus stop spacing.",Several times a week,Private car,Other,45-54 years old,Unemployed,McKeesport,Woman,White,,McKeesport,Steel Rivers,46256,400,5344,McKeesport,Steel Rivers,46256,400,5344
56,e9bdbf7e-d329-4d00-b603-278214d2848b,24.3.237.237,2019-07-06T06:38:11,McKeesport and the Mon Valley,McKeesport,"UPMC McKeesport| Monongahela, Pennsylvania, United States",Monroeville via Wilkinsburg (67 Corridor),Penn and Liberty Ave neighborhoods (Pittsburgh)| Shadyside and Squirrel Hill (Pittsburgh),Upper Mon Valley,75 - Ellsworth,,No more than once a week,Jitney,No transit service at the times I need it,18-24 years old,Full-time employment,Marshall Township,Gender Non-Conforming,Black or African American,,Marshall Township,North Hills,47696,923,19479,McKeesport,Steel Rivers,46256,400,5344
57,0c705544-f706-4917-8cad-64e9112cef85,172.58.46.252,2019-08-07T19:28:07,McKeesport and the Mon Valley,McKeesport,"McKees Point Marina| Mckeesport, Pennsylvania, United States| Mckeesport Alliance Church, 938 Summit St, Mckeesport, Pennsylvania 15132, United States| Mc Kees Rocks, Pennsylvania, United States| Monroeville, Pennsylvania, United States",Monroeville via 376 (P67 Corridor),Downtown (Pittsburgh)| North Side and North Shore (Pittsburgh)| North Side neighborhoods (Pittsburgh)| Oakland (Pittsburgh),,61C - McKeesport - Homestead| P7 - McKeesport Flyer,"1-Faster and more direct buses, but with more transfers and wider bus stop spacing.",Daily commute,Uber/Lyft,Other,12-17 years old,Unemployed,McKees Rocks Borough,Woman,Black or African American,,McKees Rocks Borough,Char-West,46264,842,14306,McKeesport,Steel Rivers,46256,400,5344
58,4bdf2a41-330b-4ec5-a213-056f5b210b1c,208.89.33.32,2019-07-10T20:52:39,McKeesport and the Mon Valley,McKeesport,Braddock Carnegie Library| C C Mellor Library Forest Hills| Carnegie Free Library of Swissvale| Carnegie Library of Homestead| Carnegie Library of McKeesport,Mon Valley via East Busway (P7 Corridor) ,Downtown (Pittsburgh),,56 - Lincoln Place| P1 - East Busway - All Stops,3,Multiple trips per day,Bicycle| Private car,Public transit is not available where I am travelling to/from| Transit doesnt come often enough| No transit service at the times I need it| Too slow| Transit isnt reliable to get me where Im going on time,25-34 years old,Full-time employment,Dravosburg Borough,Woman,White,"I filled this out specific to my experience, but think that better public transit along many of these routes would be vital for a lot of people. More and more and more, please. ",Dravosburg Borough,Steel Rivers,19856,820,5337,McKeesport,Steel Rivers,46256,400,5344
59,5f3f12c9-e675-4234-aecd-05c0a541d22c,163.129.251.96,2019-09-11T17:06:03,McKeesport and the Mon Valley| Monroeville and Eastern Suburbs,McKeesport,"CCAC South Campus, 1750 Clairton Rd, West Mifflin, Pennsylvania 15122, United States| Target, 360 E Waterfront Dr, Homestead, Pennsylvania 15120, United States",Mon Valley via Homestead (61C Corridor),Downtown (Pittsburgh)| Oakland (Pittsburgh)| South Side and Station Square (Pittsburgh),Allegheny Valley,Y47 - Curry Flyer,"1-Faster and more direct buses, but with more transfers and wider bus stop spacing.",Several times a week,Private car,Other,18-24 years old,Unemployed,Whitehall Borough,Man,White,,Whitehall Borough,South Hills Area,84512,874,13848,McKeesport,Steel Rivers,46256,400,5344
60,f5cf88fe-524a-4a4d-9e30-188c4019aacd,75.151.234.78,2019-07-25T13:37:45,McKeesport and the Mon Valley,Turtle Creek Borough,"Edgewood Towne Center| John Fraser Hall | Oxford Drive, Monroeville, Pennsylvania 15146, United States| 519 Penn Avenue, Turtle Creek, Pennsylvania 15145, United States",Monroeville via Braddock & Turtle Creek,Downtown (Pittsburgh)| Mon Valley neighborhoods (Pittsburgh)| South Side and Station Square (Pittsburgh),North Hills / Parkway North| Northeast Allegheny County| Upper Mon Valley,51 - Carrick| 59 - Mon Valley| 67 - Monroeville| 68 - Braddock Hills| 69 - Trafford| P1 - East Busway - All Stops| P68 - Braddock Hills Flyer| P69 - Trafford Flyer,,Daily commute,Jitney| Uber/Lyft| Walking,Public transit is not available where I am travelling to/from| Transit doesnt come often enough| No transit service at the times I need it| Too slow,55-64 years old,Part-time employment,Turtle Creek Borough,Woman,White,The question about where would I like to seem better transportation would not allow me to add 2 of the places I thought were important:  UPMC East/Miracle Mile Shopping Center and CCAC East Campus.  On the weekend the 67 route does not go past Monroeville Mall.  I know people who cant work weekends because there is no bus service in the area.  This would prevent some businesses from hiring someone who commutes by bus.  I find this unacceptable.,Turtle Creek Borough,Turtle Creek Valley,77912,858,4133,Turtle Creek Borough,Turtle Creek Valley,77912,858,4133
61,353d28b4-d382-4658-983b-fd1af0caacb7,173.113.236.36,2019-08-10T20:14:11,McKeesport and the Mon Valley| Monroeville and Eastern Suburbs,Turtle Creek Borough,"Target, 6231 Penn Ave, East Liberty, Pennsylvania 15206, United States| Downtown, Pittsburgh, Pennsylvania 15222, United States",Mon Valley via Forest Hills,Downtown (Pittsburgh)| East End neighborhoods (Pittsburgh)| North Side and North Shore (Pittsburgh)| Oakland (Pittsburgh),,61A - Swissvale| 61B - Braddock - Swissvale| P1 - East Busway - All Stops,"1-Faster and more direct buses, but with more transfers and wider bus stop spacing.",Multiple trips per day,Private car| Uber/Lyft| Walking,Too slow,18-24 years old,Full-time employment,Braddock Borough,Man,Black or African American,,Braddock Borough,Turtle Creek Valley,7992,808,4134,Turtle Creek Borough,Turtle Creek Valley,77912,858,4133
62,b0e0a529-319c-4ca0-8fff-9260337d93c2,71.112.195.147,2019-08-06T15:51:02,Monroeville and Eastern Suburbs,Edgewood Borough,Forest Hills Farmers Market| Giant Eagle| Pittsburgh Asian Market / Ous International Co| Wilkinsburg Save A Lot,Mon Valley via East Busway (P7 Corridor) ,Downtown (Pittsburgh)| Oakland (Pittsburgh),,61A - Swissvale| 61B - Braddock - Swissvale,6,"Rarely, maybe a couple times a year",Private car,I usually need to carry too many things| Transit isnt reliable to get me where Im going on time,45-54 years old,Full-time employment,Edgewood Borough,Woman,White,"Low-income earners are moving farther out of Pittsburgh, I would like to see the service reach those people even if it means cutting mine.",Edgewood Borough,Turtle Creek Valley,22520,823,69,Edgewood Borough,Turtle Creek Valley,22520,823,69
63,aa105d96-4d18-44d6-87f9-4d128dbc54f1,199.224.21.254,2019-06-27T18:38:52,Monroeville and Eastern Suburbs,Edgewood Borough,C C Mellor Memorial Library| Koenig Field,Monroeville via Wilkinsburg (67 Corridor),Downtown (Pittsburgh),Airport Corridor / Parkway West,28X - Airport Flyer,"1-Faster and more direct buses, but with more transfers and wider bus stop spacing.",Daily commute,Private car| Uber/Lyft,Transit doesnt come often enough| Transit isnt reliable to get me where Im going on time,25-34 years old,Full-time employment,Edgewood Borough,Man,White,,Edgewood Borough,Turtle Creek Valley,22520,823,69,Edgewood Borough,Turtle Creek Valley,22520,823,69
64,7626e611-e8ed-4fc5-b394-db7ce658c0d1,71.112.174.59,2019-06-27T15:57:47,Monroeville and Eastern Suburbs,Edgewood Borough,Aldi| Allegheny Orthopaedic Associates| Giant Eagle| Pittsburgh Asian Market / Ous International Co,Monroeville via 376 (P67 Corridor),East End neighborhoods (Pittsburgh)| Lawrenceville (Pittsburgh)| Oakland (Pittsburgh)| Shadyside and Squirrel Hill (Pittsburgh)| South Side and Station Square (Pittsburgh),Airport Corridor / Parkway West,61B - Braddock - Swissvale| 61D - Murray| 64 - Lawrenceville - Waterfront| P3 - East Busway - Oakland,5,"Rarely, maybe a couple times a year",Private car| Uber/Lyft| Walking,Public transit is not available where I am travelling to/from| Transit doesnt come often enough| I usually need to carry too many things| Transit isnt reliable to get me where Im going on time,25-34 years old,Full-time employment,Edgeworth Borough,Woman,White,,Edgeworth Borough,Quaker Valley,22576,824,4,Edgewood Borough,Turtle Creek Valley,22520,823,69
65,98517e42-7a93-46e6-91c0-e7de13bfc9c6,99.203.65.29,2019-06-25T08:19:06,McKeesport and the Mon Valley| Monroeville and Eastern Suburbs,Swissvale Borough,User Created,Monroeville via Wilkinsburg (67 Corridor),Downtown (Pittsburgh)| North Side neighborhoods (Pittsburgh)| Oakland (Pittsburgh)| User Created,,13 - Bellevue| 17 - Shadeland| 61A - Swissvale| 61B - Braddock - Swissvale| 8 - Perrysville| P1 - East Busway - All Stops| P3 - East Busway - Oakland| P7 - McKeesport Flyer| P71 - Swissvale Flyer,4-A Balance.,Daily commute,Jitney| Uber/Lyft,I usually need to carry too many things,25-34 years old,Full-time employment,Swissvale Borough,Woman,Black or African American,,Swissvale Borough,Turtle Creek Valley,75816,854,68,Swissvale Borough,Turtle Creek Valley,75816,854,68
66,200bb03d-ec58-423d-9314-fc6c66898c5b,128.2.152.16,2019-07-10T14:53:42,Monroeville and Eastern Suburbs,Swissvale Borough,Carnegie Free Library of Swissvale| Giant Eagle,Mon Valley via East Busway (P7 Corridor) ,Downtown (Pittsburgh)| East End neighborhoods (Pittsburgh)| Lawrenceville (Pittsburgh)| Oakland (Pittsburgh)| Shadyside and Squirrel Hill (Pittsburgh)| South Side and Station Square (Pittsburgh)| The Strip (Pittsburgh),,61B - Braddock - Swissvale| P71 - Swissvale Flyer,2,Multiple trips per day,Private car| Uber/Lyft,Public transit is not available where I am travelling to/from| Transit doesnt come often enough| No transit service at the times I need it| Too slow| I usually need to carry too many things| Transit isnt reliable to get me where Im going on time,25-34 years old,Full-time employment,Swissvale Borough,Man,White| American Indian or Alaskan Native,,Swissvale Borough,Turtle Creek Valley,75816,854,68,Swissvale Borough,Turtle Creek Valley,75816,854,68
67,e5be8786-bf94-4a52-8826-bbd65448c929,50.233.176.138,2019-07-01T21:50:59,McKeesport and the Mon Valley,Swissvale Borough,Centurion Commons| Edgewood Towne Center| Frick Park| UPMC STEPS TO A HEALTHY COMMUNITY| Wal-Mart Super Center #2588,Monroeville via Braddock & Turtle Creek,Downtown (Pittsburgh)| Mon Valley neighborhoods (Pittsburgh),South Hills,,,Several times a week,Uber/Lyft| Walking,No transit service at the times I need it| The stops/stations are hard to get to because of bad or no sidewalks| I usually need to carry too many things,75 years or older,Retired,Swissvale Borough,Man,White,,Swissvale Borough,Turtle Creek Valley,75816,854,68,Swissvale Borough,Turtle Creek Valley,75816,854,68
68,071eb06b-cae6-4e6a-b795-51bc9aff8be4,172.58.43.151,2019-08-06T23:03:38,McKeesport and the Mon Valley| Monroeville and Eastern Suburbs,Swissvale Borough,,Monroeville via Braddock & Turtle Creek,Downtown (Pittsburgh),,P10 - Allegheny Valley Flyer,2,"Rarely, maybe a couple times a year",Private car,Transit doesnt come often enough,25-34 years old,Full-time employment,Swissvale Borough,Gender Non-Conforming,Black or African American,,Swissvale Borough,Turtle Creek Valley,75816,854,68,Swissvale Borough,Turtle Creek Valley,75816,854,68
69,2c4dd08f-51e2-45fd-b51d-c66b58d44383,50.254.192.125,2019-07-02T14:19:43,McKeesport and the Mon Valley| Monroeville and Eastern Suburbs,Swissvale Borough,Aldi #56| Kennywood Playground| Miracle Mile| The Waterfront,Mon Valley via East Busway (P7 Corridor) ,Downtown (Pittsburgh)| Shadyside and Squirrel Hill (Pittsburgh),Airport Corridor / Parkway West,28X - Airport Flyer,2,"Rarely, maybe a couple times a year",Private car,Public transit is not available where I am travelling to/from| Too slow,35-44 years old,Full-time employment,Swissvale Borough,Woman,White,,Swissvale Borough,Turtle Creek Valley,75816,854,68,Swissvale Borough,Turtle Creek Valley,75816,854,68
70,323515b7-6af2-444f-b5bf-3efde81ca9a2,71.182.143.217,2019-07-02T12:55:14,McKeesport and the Mon Valley,Swissvale Borough,Edgewood Towne Center| The Waterfront,Monroeville via 376 (P67 Corridor),Downtown (Pittsburgh),,P1 - East Busway - All Stops,2,Daily commute,Private car,No transit service at the times I need it| I usually need to carry too many things,45-54 years old,Full-time employment,Swissvale Borough,Woman,White,,Swissvale Borough,Turtle Creek Valley,75816,854,68,Swissvale Borough,Turtle Creek Valley,75816,854,68
71,12b15d52-2dca-4c28-bf33-8ac33c20acef,184.195.203.254,2019-08-06T19:35:33,McKeesport and the Mon Valley| Monroeville and Eastern Suburbs,Braddock Borough,"Giant Eagle Pharmacy, 600 Towne Square Way, Pittsburgh, Pennsylvania 15227, United States| Western Psychiatric Institute and Clinic of UPMC, 3811 Ohara St, Pittsburgh, Pennsylvania 15213, United States| New Life Fellowship, 912 Lorenz Ave, Pittsburgh, Pennsylvania 15220, United States",Monroeville via Braddock & Turtle Creek,Oakland (Pittsburgh),,61A - Swissvale,"1-Faster and more direct buses, but with more transfers and wider bus stop spacing.",Daily commute,Other,Other,55-64 years old,Full-time employment,Braddock Borough,Woman,jameica,make it aster especially when its dark out,Braddock Borough,Turtle Creek Valley,7992,808,4134,Braddock Borough,Turtle Creek Valley,7992,808,4134
72,3911b938-a093-42e8-af56-32ab4c393914,74.98.210.210,2019-08-20T13:40:43,McKeesport and the Mon Valley,Braddock Borough,"254 Yost Boulevard, Pittsburgh, Pennsylvania 15221, United States",Mon Valley via Keystone Commons,Mon Valley neighborhoods (Pittsburgh),,,6,"Rarely, maybe a couple times a year",Private car,Too slow| Transit isnt reliable to get me where Im going on time,45-54 years old,Full-time employment,Braddock Borough,Woman,Black or African American,,Braddock Borough,Turtle Creek Valley,7992,808,4134,Braddock Borough,Turtle Creek Valley,7992,808,4134
73,98efe178-7147-4c8c-b794-b4b73eef98bf,73.40.202.237,2019-08-08T17:02:04,McKeesport and the Mon Valley,Braddock Borough,Braddock Hills Shopping Center,Mon Valley via Westinghouse Bridge,Mon Valley neighborhoods (Pittsburgh),Allegheny Valley,P7 - McKeesport Flyer,,Daily commute,Jitney,Transit doesnt come often enough,35-44 years old,Full-time employment,Braddock Borough,Man,Black or African American,,Braddock Borough,Turtle Creek Valley,7992,808,4134,Braddock Borough,Turtle Creek Valley,7992,808,4134
74,369b5b7c-4995-4b28-9e6f-128278eb236c,172.58.201.224,2019-08-10T17:18:32,Monroeville and Eastern Suburbs,Braddock Borough,"Oakland, Oakland, Pennsylvania 15213, United States",Mon Valley via Keystone Commons,East End neighborhoods (Pittsburgh)| North Side and North Shore (Pittsburgh)| Oakland (Pittsburgh)| Shadyside and Squirrel Hill (Pittsburgh)| South Side and Station Square (Pittsburgh),East Hills,59 - Mon Valley| 61A - Swissvale| 61B - Braddock - Swissvale,3,Several times a week,Jitney| Walking,No transit service at the times I need it,12-17 years old,Unemployed,Braddock Borough,Woman,Black or African American,,Braddock Borough,Turtle Creek Valley,7992,808,4134,Braddock Borough,Turtle Creek Valley,7992,808,4134
75,031d0239-793d-43c4-b193-aeaca333aa0b,172.58.201.224,2019-08-10T18:58:23,Monroeville and Eastern Suburbs,Braddock Hills Borough,"Auberle, 1101 Hartman St, Mckeesport, Pennsylvania 15132, United States",Monroeville via 376 (P67 Corridor),Downtown (Pittsburgh),East Hills,P2 - East Busway Short,2,No more than once a week,Private car,Too expensive,55-64 years old,Full-time employment,Braddock Borough,Man,Black or African American,,Braddock Borough,Turtle Creek Valley,7992,808,4134,Braddock Hills Borough,Steel Rivers,8008,872,65
76,2901a8f6-8981-40e1-a108-64ec49f33e2a,184.195.217.112,2019-08-31T21:47:48,McKeesport and the Mon Valley,East Pittsburgh Borough,"CCAC Boyce Campus, 595 Beatty Rd, Monroeville, Pennsylvania 15146, United States| Walmart Supercenter, 100 Walmart Dr, North Versailles, Pennsylvania 15137, United States| Monroeville Mall, 200 Monroeville Mall, Monroeville, Pennsylvania 15146, United States",Mon Valley via Forest Hills,Downtown (Pittsburgh)| Mount Washington and Mount Oliver (Pittsburgh)| Oakland (Pittsburgh)| Shadyside and Squirrel Hill (Pittsburgh)| The Strip (Pittsburgh),,67 - Monroeville,"1-Faster and more direct buses, but with more transfers and wider bus stop spacing.","Rarely, maybe a couple times a year",Private car| Uber/Lyft,Public transit is not available where I am travelling to/from| No transit service at the times I need it,18-24 years old,Full-time employment,North Versailles Township,Woman,Black or African American,,North Versailles Township,Turtle Creek Valley,55488,930,18673,Pittsburgh, ,61000,100,31908
77,c031698b-e36c-4ecd-9841-2dd0d5043568,174.229.7.65,2019-08-10T17:18:42,McKeesport and the Mon Valley,North Versailles Township,Community Family Practice UPMC| Family Dollar| Partners in Nephrology and Endocrinology| UPMC McKeesport| Wal-Mart Super Center #2588,Monroeville via Braddock & Turtle Creek,,,59 - Mon Valley| 61B - Braddock - Swissvale| P67 - Monroeville Flyer,"1-Faster and more direct buses, but with more transfers and wider bus stop spacing.",Multiple trips per day,Heritage Community Transportation| Private car| Walking,Public transit is not available where I am travelling to/from| No transit service at the times I need it,55-64 years old,Full-time employment,North Versailles Township,Woman,Black or African American,More public transit in North Versailles. ,North Versailles Township,Turtle Creek Valley,55488,930,18673,North Versailles Township,Turtle Creek Valley,55488,930,18673
78,83bc7061-a791-463d-998d-5d3d37b08d0d,173.136.2.46,2019-07-04T14:48:20,McKeesport and the Mon Valley,North Versailles Township,"Wilmerding, Pennsylvania, United States",Mon Valley via Westinghouse Bridge,East End neighborhoods (Pittsburgh),,P76 - Lincoln Highway Flyer,"1-Faster and more direct buses, but with more transfers and wider bus stop spacing.",Daily commute,Private car,Too slow,45-54 years old,Full-time employment,North Versailles Township,Man,White,,North Versailles Township,Turtle Creek Valley,55488,930,18673,North Versailles Township,Turtle Creek Valley,55488,930,18673
79,f5075825-966a-4e18-b82d-813d3ca840c6,72.43.68.126,2019-07-01T16:25:10,McKeesport and the Mon Valley,Munhall Borough,The Waterfront,Mon Valley via East Busway (P7 Corridor) ,Downtown (Pittsburgh)| Oakland (Pittsburgh),,53L - Homestead Park Limited| 61D - Murray,2,Several times a week,Private car,Public transit is not available where I am travelling to/from,25-34 years old,Full-time employment,Munhall Borough,Man,White,,Munhall Borough,Steel Rivers,52320,840,10640,Munhall Borough,Steel Rivers,52320,840,10640
80,a2ba51a6-c4ee-4d95-9bc3-f9736a045559,71.112.180.228,2019-08-20T15:29:44,Monroeville and Eastern Suburbs,Chalfant Borough,Forest Hills Farmers Market| Kuhns Market,Monroeville via Braddock & Turtle Creek,Downtown (Pittsburgh),North Hills / Parkway North,12 - McKnight| P69 - Trafford Flyer,"1-Faster and more direct buses, but with more transfers and wider bus stop spacing.","Rarely, maybe a couple times a year",Private car,Public transit is not available where I am travelling to/from| Transit doesnt come often enough| No transit service at the times I need it| Too slow| Transit isnt reliable to get me where Im going on time,65-74 years old,Retired,Chalfant Borough,Man,White,,Chalfant Borough,Turtle Creek Valley,12496,814,82,Chalfant Borough,Turtle Creek Valley,12496,814,82
81,34dabb50-0024-49f7-aa8a-c28eb1f1cdf6,74.109.238.159,2019-06-21T20:13:58,McKeesport and the Mon Valley,Whitaker Borough,Avenue to Wellness LLC,Mon Valley via Homestead (61C Corridor),User Created,,,,No more than once a week,Walking,Transit doesnt come often enough,12-17 years old,Full-time employment,Aleppo Township,Woman,White,,Aleppo Township,Quaker Valley,724,901,21872,Whitaker Borough,Steel Rivers,84440,865,9428
82,c0225e89-c91c-4dc5-b8cc-b9fbe4e8c4e5,74.109.238.159,2019-06-21T20:25:25,McKeesport and the Mon Valley,Whitaker Borough,Avenue to Wellness LLC,Mon Valley via Homestead (61C Corridor),User Created,,,,No more than once a week,Walking,Transit doesnt come often enough,12-17 years old,Full-time employment,Aleppo Township,Woman,White,,Aleppo Township,Quaker Valley,724,901,21872,Whitaker Borough,Steel Rivers,84440,865,9428
